link,date
https://www.pciconcursos.com.br/noticias/,2024-06-03
https://www.pciconcursos.com.br/noticias/,2024-06-03
https://www.pciconcursos.com.br/noticias/concursos-previstos/,2024-06-03
https://www.pciconcursos.com.br/noticias/concurso-publico-para-provimento-de-61-vagas-e-retificado-pela-codevasf,2024-06-03
https://www.pciconcursos.com.br/noticias/mgi-prorroga-inscricoes-do-processo-seletivo-com-200-vagas,2024-06-03
https://www.pciconcursos.com.br/noticias/exercito-brasileiro-retifica-dois-editais-de-concursos-publicos-com-210-vagas,2024-06-03
https://www.pciconcursos.com.br/noticias/ita-anuncia-novo-concurso-publico-com-180-vagas,2024-06-03
https://www.pciconcursos.com.br/noticias/marinha-do-brasil-abre-processo-seletivo-com-293-vagas,2024-06-03
https://www.pciconcursos.com.br/noticias/marinha-do-brasil-anuncia-concurso-publico-com-11-vagas,2024-06-03
https://www.pciconcursos.com.br/noticias/marinha-do-brasil-divulga-concurso-publico-com-200-vagas,2024-06-03
https://www.pciconcursos.com.br/noticias/tse-informa-abertura-de-edital-de-concurso-publico-com-389-vagas,2024-06-03
https://www.pciconcursos.com.br/noticias/trf-da-3-regiao-retifica-concurso-publico-com-269-vagas-para-sp-e-ms,2024-06-03
https://www.pciconcursos.com.br/noticias/prefeitura-de-jundiai-sp-retifica-edital-de-concurso-publico-com-11-vagas,2024-06-03
https://www.pciconcursos.com.br/noticias/prefeitura-de-monte-alto-sp-retifica-um-dos-concursos-publicos-com-103-vagas,2024-06-03
https://www.pciconcursos.com.br/noticias/concurso-publico-com-510-vagas-e-retificado-pela-prefeitura-de-osasco-sp,2024-06-03
https://www.pciconcursos.com.br/noticias/prefeitura-de-piracicaba-sp-retifica-edital-do-concurso-publico,2024-06-03
https://www.pciconcursos.com.br/noticias/prefeitura-de-sorocaba-sp-realiza-um-novo-processo-seletivo,2024-06-03
https://www.pciconcursos.com.br/noticias/semae-divulga-dois-concursos-publicos-para-a-cidade-de-piracicaba-sp,2024-06-03
https://www.pciconcursos.com.br/noticias/tj-sp-abre-concurso-publico-para-escrevente-tecnico-judiciario,2024-06-03
https://www.pciconcursos.com.br/noticias/tj-sp-divulga-13-concurso-publico-para-outorga-de-delegacoes-de-notas-e-de-registro,2024-06-03
https://www.pciconcursos.com.br/noticias/camara-de-apiai-sp-tem-inscricoes-divulgadas-para-novo-concurso-publico,2024-06-03
https://www.pciconcursos.com.br/noticias/camara-de-avanhandava-sp-abre-concurso-publico-para-advogado,2024-06-03
https://www.pciconcursos.com.br/noticias/camara-de-morro-agudo-sp-promove-novo-concurso-publico,2024-06-03
https://www.pciconcursos.com.br/noticias/novo-processo-seletivo-tem-edital-divulgado-pela-camara-de-nantes-sp,2024-06-03
https://www.pciconcursos.com.br/noticias/concurso-publico-tem-inscricoes-abertas-pela-camara-municipal-de-pariquera-acu-sp,2024-06-03
https://www.pciconcursos.com.br/noticias/camara-municipal-de-quata-sp-retifica-concurso-publico,2024-06-03
https://www.pciconcursos.com.br/noticias/camara-de-santa-branca-sp-divulga-concurso-publico-para-analista-de-compras-licitacoes-e-contrato,2024-06-03
https://www.pciconcursos.com.br/noticias/camara-de-santana-de-parnaiba-sp-promove-concurso-publico-para-procurador-juridico,2024-06-03
https://www.pciconcursos.com.br/noticias/camara-de-sao-sebastiao-da-grama-sp-abre-novo-concurso-publico,2024-06-03
https://www.pciconcursos.com.br/noticias/cisbra-sp-divulga-retificacao-para-novo-concurso-publico,2024-06-03
https://www.pciconcursos.com.br/noticias/conderg-de-sao-joao-da-boa-vista-sp-retifica-edital-do-processo-seletivo,2024-06-03
https://www.pciconcursos.com.br/noticias/diretoria-de-ensino-de-taubate-sp-anuncia-processo-seletivo-com-22-vagas,2024-06-03
https://www.pciconcursos.com.br/noticias/diretoria-de-ensino-regiao-leste-2-abre-processo-seletivo-para-agente-de-organizacao-escolar,2024-06-03
https://www.pciconcursos.com.br/noticias/diretoria-de-ensino-da-regiao-sul-publica-abertura-de-edital-de-processo-seletivo,2024-06-03
https://www.pciconcursos.com.br/noticias/emdurb-sp-anuncia-processo-seletivo-para-agente-de-fiscalizacao-de-transito,2024-06-03
https://www.pciconcursos.com.br/noticias/etec-de-vila-formosa-em-sao-paulo-sp-abre-dois-processos-seletivos-para-auxiliar-de-docente,2024-06-03
https://www.pciconcursos.com.br/noticias/etec-de-cabralia-paulista-sp-divulga-cinco-processos-seletivos,2024-06-03
https://www.pciconcursos.com.br/noticias/etec-de-itanhaem-sp-promove-inscricoes-para-novo-edital-de-processo-seletivo,2024-06-03
https://www.pciconcursos.com.br/noticias/novos-processos-seletivos-para-professores-sao-anunciados-pela-etec-de-santa-barbara-d-oeste-sp,2024-06-03
https://www.pciconcursos.com.br/noticias/etec-de-sorocaba-sp-informa-abertura-de-tres-processos-seletivos,2024-06-03
https://www.pciconcursos.com.br/noticias/famesp-realiza-tres-processos-seletivos-com-lotacao-em-botucatu,2024-06-03
https://www.pciconcursos.com.br/noticias/fatec-de-piracicaba-sp-publica-novo-processo-seletivo,2024-06-03
https://www.pciconcursos.com.br/noticias/fmj-sp-anuncia-dois-novos-concursos-publicos,2024-06-03
https://www.pciconcursos.com.br/noticias/fsa-sp-anuncia-concurso-publico-para-analista-de-suporte-i,2024-06-03
https://www.pciconcursos.com.br/noticias/funbepe-sp-divulga-processo-seletivo-com-43-vagas,2024-06-03
https://www.pciconcursos.com.br/noticias/funcamp-processo-seletivo-oferta-uma-nova-oportunidade-em-rio-claro,2024-06-03
https://www.pciconcursos.com.br/noticias/funcamp-sp-divulga-novo-processo-seletivo-para-auxiliar-de-servicos-gerais-iii,2024-06-03
https://www.pciconcursos.com.br/noticias/funcamp-sp-divulga-processo-seletivo-para-fisioterapeuta-plantonista,2024-06-03
https://www.pciconcursos.com.br/noticias/funcamp-sp-divulga-abertura-de-inscricoes-para-novo-edital-de-processo-seletivo,2024-06-03
https://www.pciconcursos.com.br/noticias/fundacao-do-abc-e-cosam-sp-divulgam-novo-processo-seletivo,2024-06-03
https://www.pciconcursos.com.br/noticias/fundacao-paulistana-sp-tem-inscricoes-abertas-para-novo-processo-seletivo,2024-06-03
https://www.pciconcursos.com.br/noticias/ifsp-divulga-novo-edital-de-processo-seletivo-no-campus-cubatao,2024-06-03
https://www.pciconcursos.com.br/noticias/prefeitura-de-alto-alegre-sp-retifica-processo-seletivo-com-oito-vagas,2024-06-03
https://www.pciconcursos.com.br/noticias/prefeitura-de-aracariguama-sp-divulga-um-novo-concurso-publico,2024-06-03
https://www.pciconcursos.com.br/noticias/prefeitura-de-batatais-sp-retifica-concurso-publico-com-mais-de-40-vagas,2024-06-03
https://www.pciconcursos.com.br/noticias/prefeitura-de-bauru-sp-divulga-sete-concursos-publicos,2024-06-03
https://www.pciconcursos.com.br/noticias/prefeitura-de-bofete-sp-altera-edital-de-concurso-publico,2024-06-03
https://www.pciconcursos.com.br/noticias/prefeitura-de-cajamar-sp-divulga-concurso-publico-com-28-vagas,2024-06-03
https://www.pciconcursos.com.br/noticias/prefeitura-de-capivari-sp-abre-concurso-publico-com-remuneracoes-de-ate-11-8-mil,2024-06-03
https://www.pciconcursos.com.br/noticias/prefeitura-de-catanduva-sp-disponibiliza-edital-concurso-publico,2024-06-03
https://www.pciconcursos.com.br/noticias/prefeitura-de-embu-das-artes-sp-publica-abertura-de-tres-processos-seletivos,2024-06-03
https://www.pciconcursos.com.br/noticias/prefeitura-de-itirapina-sp-promove-um-novo-concurso-publico,2024-06-03
https://www.pciconcursos.com.br/noticias/inscricoes-abertas-para-novo-concurso-publico-da-prefeitura-de-jaboticabal-sp,2024-06-03
https://www.pciconcursos.com.br/noticias/prefeitura-de-jacarei-sp-informa-abertura-de-novo-concurso-publico,2024-06-03
https://www.pciconcursos.com.br/noticias/novo-processo-seletivo-tem-edital-divulgado-pela-prefeitura-de-jarinu-sp,2024-06-03
https://www.pciconcursos.com.br/noticias/processo-seletivo-tem-inscricoes-abertas-pela-prefeitura-de-mira-estrela-sp,2024-06-03
https://www.pciconcursos.com.br/noticias/prefeitura-de-mococa-sp-publica-abertura-de-edital-de-processo-seletivo,2024-06-03
https://www.pciconcursos.com.br/noticias/prefeitura-de-nazare-paulista-sp-anuncia-processo-seletivo-para-motorista-geral,2024-06-03
https://www.pciconcursos.com.br/noticias/concurso-publico-e-realizado-pela-prefeitura-de-porangaba-sp,2024-06-03
https://www.pciconcursos.com.br/noticias/prefeitura-de-rio-grande-da-serra-sp-abre-processo-seletivo-com-18-vagas,2024-06-03
https://www.pciconcursos.com.br/noticias/prefeitura-de-santana-de-parnaiba-sp-prorroga-inscricoes-do-processo-seletivo-para-medicos,2024-06-03
https://www.pciconcursos.com.br/noticias/prefeitura-de-santos-sp-anuncia-concurso-publico-com-66-vagas,2024-06-03
https://www.pciconcursos.com.br/noticias/concurso-publico-com-60-vagas-e-retificado-pela-prefeitura-de-sete-barras-sp,2024-06-03
https://www.pciconcursos.com.br/noticias/prefeitura-de-severinia-sp-divulga-sete-vagas-em-novo-concurso-publico,2024-06-03
https://www.pciconcursos.com.br/noticias/prefeitura-de-severinia-sp-anuncia-concurso-publico-com-16-vagas,2024-06-03
https://www.pciconcursos.com.br/noticias/novo-concurso-publico-e-divulgado-pela-prefeitura-de-taguai-sp,2024-06-03
https://www.pciconcursos.com.br/noticias/concurso-publico-e-realizado-pela-prefeitura-de-tapirai-sp,2024-06-03
https://www.pciconcursos.com.br/noticias/concurso-publico-tem-inscricoes-abertas-pela-prefeitura-de-urania-sp,2024-06-03
https://www.pciconcursos.com.br/noticias/prefeitura-de-votuporanga-sp-divulga-dois-processos-seletivos,2024-06-03
https://www.pciconcursos.com.br/noticias/saae-de-capivari-sp-retifica-concurso-publico-com-quatro-vagas,2024-06-03
https://www.pciconcursos.com.br/noticias/unesp-de-araraquara-divulga-concurso-publico-para-assistente-de-informatica-ii,2024-06-03
https://www.pciconcursos.com.br/noticias/unesp-campus-de-franca-publica-novo-concurso-publico-na-area-da-saude,2024-06-03
https://www.pciconcursos.com.br/noticias/unesp-novo-concurso-publico-em-jaboticabal-e-divulgado,2024-06-03
https://www.pciconcursos.com.br/noticias/unesp-concurso-publico-para-assistente-de-informatica-e-anunciado-no-litoral-paulista,2024-06-03
https://www.pciconcursos.com.br/noticias/unesp-ibilce-campus-sao-jose-do-rio-preto-abre-concurso-publico-para-assistente-operacional,2024-06-03
https://www.pciconcursos.com.br/noticias/unesp-divulga-edital-de-concurso-publico-para-o-instituto-de-artes-na-cidade-de-sao-paulo-sp,2024-06-03
https://www.pciconcursos.com.br/noticias/unicamp-sp-anuncia-42-vagas-em-24-novos-processos-seletivos,2024-06-03
https://www.pciconcursos.com.br/noticias/unicamp-sp-divulga-novo-concurso-publico-para-pesquisador,2024-06-03
https://www.pciconcursos.com.br/noticias/unifesp-anuncia-mais-de-90-vagas-para-tecnicos-administrativos-em-novo-concurso-publico,2024-06-03
https://www.pciconcursos.com.br/noticias/usp-divulga-dois-concursos-publicos-para-nivel-superior,2024-06-03
https://www.pciconcursos.com.br/noticias/prefeitura-de-sao-jose-de-uba-rj-prorroga-inscricoes-do-concurso-publico-com-133-vagas,2024-06-03
https://www.pciconcursos.com.br/noticias/camara-de-sao-joao-da-barra-retifica-um-dos-editais-de-concurso-publico,2024-06-03
https://www.pciconcursos.com.br/noticias/colegio-pedro-ii-publica-abertura-de-novo-edital-de-processo-seletivo,2024-06-03
https://www.pciconcursos.com.br/noticias/exercito-brasileiro-divulga-tres-concursos-de-admissao-com-137-vagas,2024-06-03
https://www.pciconcursos.com.br/noticias/mobi-rio-abre-processo-seletivo-com-76-vagas,2024-06-03
https://www.pciconcursos.com.br/noticias/policia-militar-rj-abre-novo-concurso-publico-com-100-vagas-disponiveis,2024-06-03
https://www.pciconcursos.com.br/noticias/prefeitura-de-duas-barras-rj-retifica-periodo-de-inscricoes-do-concurso-publico-com-245-vagas-disponiveis,2024-06-03
https://www.pciconcursos.com.br/noticias/edital-de-processo-seletivo-e-publicado-pela-prefeitura-de-mendes-rj,2024-06-03
https://www.pciconcursos.com.br/noticias/prefeitura-de-nova-friburgo-rj-anuncia-processo-seletivo-para-medicos,2024-06-03
https://www.pciconcursos.com.br/noticias/prefeitura-de-pinheiral-rj-republica-edital-de-concurso-publico-com-91-vagas,2024-06-03
https://www.pciconcursos.com.br/noticias/concurso-publico-para-contador-e-aberto-pela-prefeitura-de-volta-redonda-rj,2024-06-03
https://www.pciconcursos.com.br/noticias/riosaude-publica-novo-edital-de-processo-seletivo-para-analista-de-engenharia-e-arquitetura,2024-06-03
https://www.pciconcursos.com.br/noticias/riosaude-rj-publica-novo-edital-de-processo-seletivo-com-60-vagas,2024-06-03
https://www.pciconcursos.com.br/noticias/camara-de-sao-goncalo-do-para-mg-anuncia-concurso-publico-para-auxiliar-de-secretaria,2024-06-03
https://www.pciconcursos.com.br/noticias/pm-mg-anuncia-3102-vagas-em-curso-de-formacao-de-soldados,2024-06-03
https://www.pciconcursos.com.br/noticias/policia-militar-mg-anuncia-novo-concurso-publico-com-180-vagas,2024-06-03
https://www.pciconcursos.com.br/noticias/concurso-publico-com-mais-de-1300-vagas-e-retificado-pela-prefeitura-de-betim-mg,2024-06-03
https://www.pciconcursos.com.br/noticias/prefeitura-de-carmo-da-mata-mg-retifica-novo-concurso-publico,2024-06-03
https://www.pciconcursos.com.br/noticias/prefeitura-de-guaraciaba-mg-retifica-concurso-publico-com-157-vagas,2024-06-03
https://www.pciconcursos.com.br/noticias/prefeitura-de-ibirite-mg-retifica-concurso-publico-com-1401-oportunidades,2024-06-03
https://www.pciconcursos.com.br/noticias/prefeitura-de-itanhomi-mg-reabre-inscricoes-do-concurso-publico-com-134-vagas,2024-06-03
https://www.pciconcursos.com.br/noticias/prefeitura-de-mirai-mg-divulga-concurso-publico-com-40-vagas,2024-06-03
https://www.pciconcursos.com.br/noticias/prefeitura-de-montes-claros-mg-retifica-edital-do-concurso-publico-com-1753-oportunidades,2024-06-03
https://www.pciconcursos.com.br/noticias/prefeitura-de-montes-claros-mg-tem-novo-concurso-publico-anunciado-com-2498-vagas-disponiveis,2024-06-03
https://www.pciconcursos.com.br/noticias/prefeitura-de-muzambinho-mg-retifica-concurso-publico-com-286-vagas,2024-06-03
https://www.pciconcursos.com.br/noticias/prefeitura-de-nova-lima-mg-tem-novo-concurso-publico-divulgado,2024-06-03
https://www.pciconcursos.com.br/noticias/prefeitura-de-ribeirao-das-neves-mg-retifica-processo-seletivo-com-150-vagas,2024-06-03
https://www.pciconcursos.com.br/noticias/concursos-publico-com-153-vagas-tem-inscricoes-anunciadas-pela-prefeitura-de-santa-rita-do-sapucai-mg,2024-06-03
https://www.pciconcursos.com.br/noticias/prefeitura-de-sao-joao-do-manhuacu-mg-altera-edital-do-concurso-publico-com-171-vagas,2024-06-03
https://www.pciconcursos.com.br/noticias/prefeitura-de-sao-joaquim-de-bicas-mg-retifica-concurso-publico-com-368-vagas,2024-06-03
https://www.pciconcursos.com.br/noticias/prodabel-anuncia-abertura-de-concurso-publico-com-20-vagas,2024-06-03
https://www.pciconcursos.com.br/noticias/saae-de-boa-esperanca-mg-tem-novo-concurso-publico-com-36-vagas-divulgado,2024-06-03
https://www.pciconcursos.com.br/noticias/amarp-mg-divulga-concurso-publico-com-61-vagas,2024-06-03
https://www.pciconcursos.com.br/noticias/camara-de-arapora-mg-publica-edital-de-concurso-publico,2024-06-03
https://www.pciconcursos.com.br/noticias/camara-de-cascalho-rico-mg-tem-inscricoes-anunciadas-para-novo-concurso-publico,2024-06-03
https://www.pciconcursos.com.br/noticias/camara-municipal-de-coronel-fabriciano-mg-divulga-concurso-publico-com-dez-vagas,2024-06-03
https://www.pciconcursos.com.br/noticias/concurso-publico-tem-inscricoes-abertas-pela-camara-municipal-de-dores-do-turvo-mg,2024-06-03
https://www.pciconcursos.com.br/noticias/novo-concurso-publico-e-anunciado-pela-camara-de-frutal-mg,2024-06-03
https://www.pciconcursos.com.br/noticias/camara-de-paracatu-mg-anuncia-concurso-publico-com-dez-vagas,2024-06-03
https://www.pciconcursos.com.br/noticias/camara-de-perdoes-mg-promove-um-novo-concurso-publico,2024-06-03
https://www.pciconcursos.com.br/noticias/camara-municipal-de-pocos-de-caldas-mg-anuncia-novo-concurso-publico,2024-06-03
https://www.pciconcursos.com.br/noticias/camara-de-sao-goncalo-do-sapucai-mg-tem-periodo-de-inscricoes-divulgadas-para-novo-concurso-publico,2024-06-03
https://www.pciconcursos.com.br/noticias/camara-de-sete-lagoas-mg-publica-edital-de-concurso-publico,2024-06-03
https://www.pciconcursos.com.br/noticias/cbm-mg-publica-tres-novos-concursos-publicos-com-329-vagas,2024-06-03
https://www.pciconcursos.com.br/noticias/cemig-mg-reabre-inscricoes-de-concurso-publico-em-belo-horizonte,2024-06-03
https://www.pciconcursos.com.br/noticias/cisamapi-mg-anuncia-processo-seletivo-para-auxiliar-administrativo-em-rio-casca,2024-06-03
https://www.pciconcursos.com.br/noticias/daepa-de-patrocinio-mg-promove-novo-concurso-publico,2024-06-03
https://www.pciconcursos.com.br/noticias/4-rm-anuncia-dois-processos-seletivos-em-minas-gerais,2024-06-03
https://www.pciconcursos.com.br/noticias/fhemig-mg-novo-processo-seletivo-em-bambui-e-aberto,2024-06-03
https://www.pciconcursos.com.br/noticias/fhemig-promove-novo-processo-seletivo-no-municipio-de-belo-horizonte,2024-06-03
https://www.pciconcursos.com.br/noticias/fhemig-mg-anuncia-inscricoes-para-processo-seletivo-destinado-a-unidade-de-belo-horizonte,2024-06-03
https://www.pciconcursos.com.br/noticias/fhemig-processo-seletivo-para-medico-clinico-e-divulgado-em-belo-horizonte-mg,2024-06-03
https://www.pciconcursos.com.br/noticias/fhemig-novo-processo-seletivo-e-divulgado-em-sabara-mg,2024-06-03
https://www.pciconcursos.com.br/noticias/fhemig-mg-anuncia-inscricoes-para-processo-seletivo-destinado-a-unidade-de-tres-coracoes,2024-06-03
https://www.pciconcursos.com.br/noticias/processo-seletivo-para-enfermeiro-em-belo-horizonte-e-aberto-pela-fhemig-mg,2024-06-03
https://www.pciconcursos.com.br/noticias/fhemig-divulga-12-vagas-em-novo-processo-seletivo-em-belo-horizonte-mg,2024-06-03
https://www.pciconcursos.com.br/noticias/hob-mg-divulga-periodo-de-inscricoes-para-novo-processo-seletivo-para-tecnico-em-laboratorio,2024-06-03
https://www.pciconcursos.com.br/noticias/hob-mg-divulga-processo-seletivo-para-terapeuta-ocupacional,2024-06-03
https://www.pciconcursos.com.br/noticias/iprecor-mg-divulga-novo-concurso-publico,2024-06-03
https://www.pciconcursos.com.br/noticias/prefeitura-de-alem-paraiba-mg-divulga-concurso-publico-com-211-vagas,2024-06-03
https://www.pciconcursos.com.br/noticias/processo-seletivo-tem-inscricoes-abertas-pela-prefeitura-de-bambui-mg,2024-06-03
https://www.pciconcursos.com.br/noticias/prefeitura-de-barbacena-mg-realiza-novo-processo-seletivo-com-40-vagas,2024-06-03
https://www.pciconcursos.com.br/noticias/prefeitura-de-belo-oriente-mg-retifica-concurso-publico-com-96-vagas,2024-06-03
https://www.pciconcursos.com.br/noticias/prefeitura-de-buritis-mg-tem-novo-concurso-publico-com-526-vagas-disponiveis,2024-06-03
https://www.pciconcursos.com.br/noticias/prefeitura-de-cachoeira-de-minas-mg-retifica-concurso-publico-com-131-vagas,2024-06-03
https://www.pciconcursos.com.br/noticias/processo-seletivo-tem-inscricoes-abertas-pela-prefeitura-de-capetinga-mg,2024-06-03
https://www.pciconcursos.com.br/noticias/prefeitura-de-capitolio-mg-abre-inscricoes-para-novo-processo-seletivo,2024-06-03
https://www.pciconcursos.com.br/noticias/prefeitura-de-carangola-mg-tem-inscricoes-divulgadas-para-novo-processo-seletivo,2024-06-03
https://www.pciconcursos.com.br/noticias/prefeitura-de-carlos-chagas-mg-reabre-inscricoes-do-concurso-publico-com-126-vagas,2024-06-03
https://www.pciconcursos.com.br/noticias/prefeitura-de-caxambu-mg-promove-um-novo-processo-seletivo,2024-06-03
https://www.pciconcursos.com.br/noticias/prefeitura-de-caxambu-mg-divulga-processo-seletivo-com-oito-vagas,2024-06-03
https://www.pciconcursos.com.br/noticias/prefeitura-de-claudio-mg-abre-processo-seletivo-para-operador-de-maquinas,2024-06-03
https://www.pciconcursos.com.br/noticias/processos-seletivos-e-concurso-publico-da-prefeitura-de-conceicao-da-aparecida-mg-tem-inscricoes-adiadas,2024-06-03
https://www.pciconcursos.com.br/noticias/novo-processo-seletivo-e-divulgado-pela-prefeitura-de-confins-mg,2024-06-03
https://www.pciconcursos.com.br/noticias/novo-processo-seletivo-e-aberto-em-cordislandia-mg,2024-06-03
https://www.pciconcursos.com.br/noticias/prefeitura-de-cordislandia-mg-retifica-concurso-publico-com-91-vagas,2024-06-03
https://www.pciconcursos.com.br/noticias/prefeitura-de-corrego-fundo-mg-divulga-concurso-publico-com-34-vagas,2024-06-03
https://www.pciconcursos.com.br/noticias/processo-seletivo-tem-inscricoes-abertas-pela-prefeitura-de-curvelo-mg,2024-06-03
https://www.pciconcursos.com.br/noticias/novo-edital-de-processo-seletivo-e-publicado-pela-prefeitura-de-curvelo-mg,2024-06-03
https://www.pciconcursos.com.br/noticias/concurso-publico-com-1426-vagas-tem-inscricoes-anunciadas-pela-prefeitura-de-divinopolis-mg,2024-06-03
https://www.pciconcursos.com.br/noticias/prefeitura-de-eloi-mendes-mg-divulga-processo-seletivo-com-19-vagas,2024-06-03
https://www.pciconcursos.com.br/noticias/prefeitura-de-esmeraldas-mg-anuncia-concurso-publico-com-156-vagas,2024-06-03
https://www.pciconcursos.com.br/noticias/prefeitura-de-guaranesia-mg-abre-novo-processo-seletivo,2024-06-03
https://www.pciconcursos.com.br/noticias/prefeitura-de-ibirite-mg-divulga-processo-seletivo-com-mais-de-100-vagas,2024-06-03
https://www.pciconcursos.com.br/noticias/prefeitura-de-igarape-mg-abre-dois-concursos-publicos-com-16-vagas,2024-06-03
https://www.pciconcursos.com.br/noticias/prefeitura-de-igarape-mg-divulga-processo-seletivo-com-39-vagas,2024-06-03
https://www.pciconcursos.com.br/noticias/concurso-publico-da-prefeitura-de-itamogi-mg-tem-inscricoes-reabertas,2024-06-03
https://www.pciconcursos.com.br/noticias/prefeitura-de-itaobim-mg-anuncia-retificacao-de-concurso-publico-com-15-vagas,2024-06-03
https://www.pciconcursos.com.br/noticias/prefeitura-de-joao-monlevade-mg-tem-novo-processo-seletivo-de-tecnico-de-esporte-e-lazer,2024-06-03
https://www.pciconcursos.com.br/noticias/prefeitura-de-joao-monlevade-mg-informa-abertura-de-processo-seletivo,2024-06-03
https://www.pciconcursos.com.br/noticias/dois-concursos-publicos-com-217-vagas-sao-divulgados-pela-demlurb-de-juiz-de-fora-mg,2024-06-03
https://www.pciconcursos.com.br/noticias/prefeitura-de-lagoa-da-prata-mg-abre-processo-seletivo-para-auxiliar-de-servicos-administrativos,2024-06-03
https://www.pciconcursos.com.br/noticias/prefeitura-de-lima-duarte-mg-retifica-edital-do-concurso-publico,2024-06-03
https://www.pciconcursos.com.br/noticias/prefeitura-de-luz-mg-informa-abertura-de-novo-edital-de-processo-seletivo,2024-06-03
https://www.pciconcursos.com.br/noticias/prefeitura-de-mantena-mg-retifica-edital-do-concurso-publico-com-salarios-de-ate-10-mil,2024-06-03
https://www.pciconcursos.com.br/noticias/prefeitura-de-minas-novas-mg-retifica-edital-do-concurso-publico,2024-06-03
https://www.pciconcursos.com.br/noticias/concurso-publico-e-processo-seletivo-tem-inscricoes-anunciadas-pela-prefeitura-de-monte-azul-mg,2024-06-03
https://www.pciconcursos.com.br/noticias/prefeitura-de-naque-mg-promove-21-vagas-em-novo-processo-seletivo,2024-06-03
https://www.pciconcursos.com.br/noticias/prefeitura-de-nepomuceno-mg-retifica-novo-concurso-publico,2024-06-03
https://www.pciconcursos.com.br/noticias/concurso-publico-com-mais-de-200-vagas-e-aberto-pela-prefeitura-de-nova-lima-mg,2024-06-03
https://www.pciconcursos.com.br/noticias/prefeitura-de-oratorios-mg-divulga-concurso-publico-com-remuneracoes-de-ate-18-4-mil,2024-06-03
https://www.pciconcursos.com.br/noticias/prefeitura-de-ouro-branco-mg-divulga-novo-processo-seletivo,2024-06-03
https://www.pciconcursos.com.br/noticias/novo-processo-seletivo-e-divulgado-pela-prefeitura-de-paraguacu-mg,2024-06-03
https://www.pciconcursos.com.br/noticias/prefeitura-de-pedro-teixeira-mg-anuncia-concurso-publico-para-fiscais-sanitarios,2024-06-03
https://www.pciconcursos.com.br/noticias/prefeitura-de-ribeirao-das-neves-mg-retifica-concurso-publico-com-203-vagas,2024-06-03
https://www.pciconcursos.com.br/noticias/prefeitura-de-rio-novo-mg-divulga-edital-retificado-de-concurso-publico,2024-06-03
https://www.pciconcursos.com.br/noticias/prefeitura-de-santo-antonio-do-monte-mg-tem-inscricoes-divulgadas-para-novo-processo-seletivo,2024-06-03
https://www.pciconcursos.com.br/noticias/prefeitura-de-santo-hipolito-mg-divulga-concurso-publico-com-64-vagas,2024-06-03
https://www.pciconcursos.com.br/noticias/prefeitura-de-sao-goncalo-do-sapucai-mg-retifica-edital-de-processo-seletivo,2024-06-03
https://www.pciconcursos.com.br/noticias/prefeitura-de-sao-joao-do-manteninha-mg-retifica-concurso-publico-com-31-vagas,2024-06-03
https://www.pciconcursos.com.br/noticias/prefeitura-de-sao-jose-da-lapa-mg-divulga-processo-seletivo-para-assistente-social,2024-06-03
https://www.pciconcursos.com.br/noticias/prefeitura-de-sao-jose-da-lapa-mg-abre-novo-processo-seletivo,2024-06-03
https://www.pciconcursos.com.br/noticias/concurso-publico-com-65-vagas-tem-inscricoes-divulgadas-pela-prefeitura-de-sao-tome-das-letras-mg,2024-06-03
https://www.pciconcursos.com.br/noticias/prefeitura-de-sarzedo-mg-abre-dois-concursos-publicos-com-20-vagas,2024-06-03
https://www.pciconcursos.com.br/noticias/concurso-publico-e-divulgado-pela-prefeitura-de-senhora-do-porto-mg,2024-06-03
https://www.pciconcursos.com.br/noticias/prefeitura-de-virginopolis-mg-retifica-concurso-publico-com-115-vagas,2024-06-03
https://www.pciconcursos.com.br/noticias/sas-de-barbacena-mg-abre-inscricoes-para-novo-processo-seletivo,2024-06-03
https://www.pciconcursos.com.br/noticias/seplag-mg-adia-inscricoes-do-processo-seletivo-com-mais-de-100-vagas,2024-06-03
https://www.pciconcursos.com.br/noticias/ses-mg-retifica-novo-processo-seletivo-com-12-vagas,2024-06-03
https://www.pciconcursos.com.br/noticias/novo-processo-seletivo-e-divulgado-pela-uemg,2024-06-03
https://www.pciconcursos.com.br/noticias/fundacao-inova-capixaba-es-prorroga-inscricoes-do-concurso-publico-com-594-vagas,2024-06-03
https://www.pciconcursos.com.br/noticias/prefeitura-da-serra-es-altera-edital-do-concurso-publico-com-895-vagas,2024-06-03
https://www.pciconcursos.com.br/noticias/agersa-es-divulga-edital-de-novo-concurso-publico,2024-06-03
https://www.pciconcursos.com.br/noticias/camara-municipal-de-cariacica-es-divulga-concurso-publico-com-oito-vagas,2024-06-03
https://www.pciconcursos.com.br/noticias/ceasa-es-tem-inscricoes-anunciadas-para-novo-concurso-publico,2024-06-03
https://www.pciconcursos.com.br/noticias/cro-es-realiza-um-novo-processo-seletivo,2024-06-03
https://www.pciconcursos.com.br/noticias/mgs-retifica-edital-do-processo-seletivo-para-assistente-administrativo,2024-06-03
https://www.pciconcursos.com.br/noticias/prefeitura-de-ibiracu-es-promove-uma-vaga-em-novo-processo-seletivo,2024-06-03
https://www.pciconcursos.com.br/noticias/prefeitura-de-ibiracu-es-promove-dois-novos-processos-seletivos,2024-06-03
https://www.pciconcursos.com.br/noticias/novo-processo-seletivo-e-anunciado-pela-prefeitura-de-joao-neiva-es,2024-06-03
https://www.pciconcursos.com.br/noticias/prefeitura-de-vila-pavao-es-divulga-abertura-de-novo-processo-seletivo,2024-06-03
https://www.pciconcursos.com.br/noticias/prefeitura-de-vila-velha-es-abre-novo-processo-seletivo-para-medicos,2024-06-03
https://www.pciconcursos.com.br/noticias/prefeitura-de-vitoria-es-retifica-edital-do-concurso-publico,2024-06-03
https://www.pciconcursos.com.br/noticias/prefeitura-de-vitoria-es-divulga-quatro-vagas-em-novo-processo-seletivo,2024-06-03
https://www.pciconcursos.com.br/noticias/coren-pr-divulga-concurso-publico-para-niveis-medio-e-superior,2024-06-03
https://www.pciconcursos.com.br/noticias/camara-de-imbau-pr-anuncia-novo-concurso-publico,2024-06-03
https://www.pciconcursos.com.br/noticias/concurso-publico-tem-edital-divulgado-pela-camara-de-pontal-do-parana-pr,2024-06-03
https://www.pciconcursos.com.br/noticias/cis-amcespar-pr-promove-um-novo-processo-seletivo,2024-06-03
https://www.pciconcursos.com.br/noticias/consamu-pr-divulga-processo-seletivo-com-23-vagas,2024-06-03
https://www.pciconcursos.com.br/noticias/fasp-pr-informa-abertura-de-novo-edital-de-processo-seletivo,2024-06-03
https://www.pciconcursos.com.br/noticias/prefeitura-de-assai-pr-informa-abertura-de-edital-de-concurso-publico,2024-06-03
https://www.pciconcursos.com.br/noticias/prefeitura-de-balsa-nova-pr-abre-processo-seletivo-para-enfermeiro,2024-06-03
https://www.pciconcursos.com.br/noticias/prefeitura-de-balsa-nova-pr-abre-processo-seletivo-para-motorista,2024-06-03
https://www.pciconcursos.com.br/noticias/processo-seletivo-para-assistente-social-e-anunciado-pela-prefeitura-de-bandeirantes-pr,2024-06-03
https://www.pciconcursos.com.br/noticias/prefeitura-de-boa-esperanca-do-iguacu-pr-anuncia-novo-concurso-publico-com-15-vagas,2024-06-03
https://www.pciconcursos.com.br/noticias/prefeitura-de-capitao-leonidas-marques-pr-abre-processo-seletivo-para-operador-de-maquinas,2024-06-03
https://www.pciconcursos.com.br/noticias/prefeitura-de-cianorte-pr-anuncia-processo-seletivo-para-enfermeiro,2024-06-03
https://www.pciconcursos.com.br/noticias/prefeitura-de-colombo-pr-anuncia-processo-seletivo-para-medicos-generalistas,2024-06-03
https://www.pciconcursos.com.br/noticias/prefeitura-de-itapejara-d-oeste-publica-abertura-de-edital-de-processo-seletivo,2024-06-03
https://www.pciconcursos.com.br/noticias/prefeitura-de-medianeira-pr-promove-concurso-publico-com-remuneracoes-de-ate-9-7-mil,2024-06-03
https://www.pciconcursos.com.br/noticias/prefeitura-de-moreira-sales-pr-retifica-um-de-dois-novos-concursos-publicos,2024-06-03
https://www.pciconcursos.com.br/noticias/prefeitura-de-nova-prata-do-iguacu-pr-informa-abertura-de-processo-seletivo,2024-06-03
https://www.pciconcursos.com.br/noticias/prefeitura-de-palmeira-pr-anuncia-novo-edital-de-processo-seletivo,2024-06-03
https://www.pciconcursos.com.br/noticias/edital-de-processo-seletivo-e-publicado-pela-prefeitura-de-sao-jorge-d-oeste,2024-06-03
https://www.pciconcursos.com.br/noticias/prefeitura-de-sao-jose-da-boa-vista-pr-anuncia-novo-processo-seletivo,2024-06-03
https://www.pciconcursos.com.br/noticias/prefeitura-de-teixeira-soares-pr-abre-processo-seletivo-com-27-vagas,2024-06-03
https://www.pciconcursos.com.br/noticias/prefeitura-de-terra-rica-pr-informa-abertura-de-edital-de-processo-seletivo,2024-06-03
https://www.pciconcursos.com.br/noticias/prefeitura-de-tijucas-do-sul-pr-publica-abertura-de-edital-de-processo-seletivo,2024-06-03
https://www.pciconcursos.com.br/noticias/prefeitura-de-marechal-candido-rondon-e-saae-pr-retificam-dois-concursos-publicos,2024-06-03
https://www.pciconcursos.com.br/noticias/tce-pr-publica-abertura-de-edital-de-concurso-publico,2024-06-03
https://www.pciconcursos.com.br/noticias/uem-pr-processo-seletivo-para-tecnico-administrativo-e-divulgado-em-goioere,2024-06-03
https://www.pciconcursos.com.br/noticias/concurso-publico-para-tecnicos-administrativos-da-ufpr-tem-cronograma-alterado,2024-06-03
https://www.pciconcursos.com.br/noticias/unioeste-pr-abre-processo-seletivo-para-profissionais-de-niveis-medio-e-superior,2024-06-03
https://www.pciconcursos.com.br/noticias/uel-pr-divulga-novo-concurso-publico-com-salarios-de-ate-8-2-mil,2024-06-03
https://www.pciconcursos.com.br/noticias/camara-municipal-de-itaqui-rs-divulga-novo-processo-seletivo,2024-06-03
https://www.pciconcursos.com.br/noticias/aeronautica-realiza-processo-seletivo-para-profissionais-de-nivel-fundamental,2024-06-03
https://www.pciconcursos.com.br/noticias/crbio-03-rs-abre-concurso-publico-com-sete-vagas,2024-06-03
https://www.pciconcursos.com.br/noticias/crf-rs-prorroga-inscricoes-do-concurso-publico-com-sete-vagas,2024-06-03
https://www.pciconcursos.com.br/noticias/faurgs-processo-seletivo-divulga-novas-oportunidades,2024-06-03
https://www.pciconcursos.com.br/noticias/faurgs-rs-abre-processo-seletivo-para-tutores,2024-06-03
https://www.pciconcursos.com.br/noticias/concurso-para-contratacao-de-tecnico-de-laboratorio-e-divulgado-pela-furg-rs,2024-06-03
https://www.pciconcursos.com.br/noticias/hcpa-rs-anuncia-processo-seletivo-para-atendente-de-nutricao,2024-06-03
https://www.pciconcursos.com.br/noticias/prefeitura-de-ajuricaba-rs-abre-processo-seletivo-para-agente-comunitario-de-saude,2024-06-03
https://www.pciconcursos.com.br/noticias/tres-novos-processos-seletivos-tem-inscricoes-divulgadas-pela-prefeitura-de-arroio-do-padre-rs,2024-06-03
https://www.pciconcursos.com.br/noticias/prefeitura-de-bento-goncalves-rs-retifica-novo-processo-seletivo,2024-06-03
https://www.pciconcursos.com.br/noticias/prefeitura-de-campestre-da-serra-rs-divulga-processo-seletivo-para-motorista,2024-06-03
https://www.pciconcursos.com.br/noticias/prefeitura-de-capao-bonito-do-sul-rs-divulga-duas-vagas-em-novo-processo-seletivo,2024-06-03
https://www.pciconcursos.com.br/noticias/prefeitura-de-caxias-do-sul-rs-anuncia-concurso-publico-com-22-vagas,2024-06-03
https://www.pciconcursos.com.br/noticias/prefeitura-de-doutor-mauricio-cardoso-rs-promove-novo-concurso-publico,2024-06-03
https://www.pciconcursos.com.br/noticias/prefeitura-de-erechim-rs-abre-inscricoes-para-novo-processo-seletivo,2024-06-03
https://www.pciconcursos.com.br/noticias/novo-processo-seletivo-e-aberto-em-girua-rs,2024-06-03
https://www.pciconcursos.com.br/noticias/prefeitura-de-hulha-negra-rs-divulga-novo-processo-seletivo-para-medico,2024-06-03
https://www.pciconcursos.com.br/noticias/prefeitura-de-ibiraiaras-rs-anuncia-processo-seletivo-para-agente-comunitario-de-saude,2024-06-03
https://www.pciconcursos.com.br/noticias/dois-novos-processos-seletivos-tem-inscricoes-divulgadas-pela-prefeitura-de-ivora-rs,2024-06-03
https://www.pciconcursos.com.br/noticias/prefeitura-de-ivora-rs-abre-inscricoes-para-novo-processo-seletivo,2024-06-03
https://www.pciconcursos.com.br/noticias/prefeitura-de-joia-rs-abre-processo-seletivo-para-psicologo-e-assistente-social,2024-06-03
https://www.pciconcursos.com.br/noticias/prefeitura-de-joia-rs-realiza-novo-processo-seletivo-com-sete-vagas,2024-06-03
https://www.pciconcursos.com.br/noticias/prefeitura-de-maquine-rs-prorroga-inscricoes-do-processo-seletivo-para-eletricista,2024-06-03
https://www.pciconcursos.com.br/noticias/dois-processos-seletivos-sao-abertos-pela-prefeitura-de-mariana-pimentel-rs,2024-06-03
https://www.pciconcursos.com.br/noticias/prefeitura-de-nova-boa-vista-informa-abertura-de-edital-de-processo-seletivo,2024-06-03
https://www.pciconcursos.com.br/noticias/prefeitura-de-nova-petropolis-rs-divulga-13-vagas-em-novo-concurso-publico,2024-06-03
https://www.pciconcursos.com.br/noticias/prefeitura-de-nova-prata-rs-divulga-novo-processo-seletivo-para-fonoaudiologo,2024-06-03
https://www.pciconcursos.com.br/noticias/edital-de-processo-seletivo-e-publicado-pela-prefeitura-de-parai-rs,2024-06-03
https://www.pciconcursos.com.br/noticias/prefeitura-de-passo-do-sobrado-rs-retifica-concurso-publico-para-60-vagas,2024-06-03
https://www.pciconcursos.com.br/noticias/prefeitura-de-passo-fundo-rs-retifica-concurso-publico-com-mais-de-400-vagas,2024-06-03
https://www.pciconcursos.com.br/noticias/prefeitura-de-presidente-lucena-rs-divulga-processo-seletivo-para-visitador-do-pim,2024-06-03
https://www.pciconcursos.com.br/noticias/prefeitura-de-santo-antonio-da-patrulha-rs-divulga-inscricoes-para-novo-processo-seletivo,2024-06-03
https://www.pciconcursos.com.br/noticias/prefeitura-de-sao-martinho-rs-publica-novo-processo-seletivo,2024-06-03
https://www.pciconcursos.com.br/noticias/prefeitura-de-sao-vicente-do-sul-rs-abre-dois-novos-processos-seletivos,2024-06-03
https://www.pciconcursos.com.br/noticias/novo-processo-seletivo-e-publicado-pela-prefeitura-de-tavares-rs,2024-06-03
https://www.pciconcursos.com.br/noticias/prefeitura-de-tres-passos-rs-divulga-cinco-processos-seletivos,2024-06-03
https://www.pciconcursos.com.br/noticias/processo-seletivo-para-diversos-niveis-de-escolaridade-e-retificado-pela-prefeitura-de-xangri-la-rs,2024-06-03
https://www.pciconcursos.com.br/noticias/ufpel-informa-abertura-de-edital-de-processo-seletivo,2024-06-03
https://www.pciconcursos.com.br/noticias/concurso-publico-e-retificado-pela-prefeitura-de-florianopolis-sc,2024-06-03
https://www.pciconcursos.com.br/noticias/apis-sc-processo-seletivo-para-medico-neuropediatra-e-divulgado-em-blumenau,2024-06-03
https://www.pciconcursos.com.br/noticias/camara-de-sao-francisco-do-sul-sc-retifica-concurso-publico-com-18-vagas,2024-06-03
https://www.pciconcursos.com.br/noticias/celesc-distribuicao-sa-abre-concurso-publico-com-salarios-ate-6-3-mil,2024-06-03
https://www.pciconcursos.com.br/noticias/cincatarina-sc-divulga-concurso-publico-com-nove-vagas,2024-06-03
https://www.pciconcursos.com.br/noticias/cisac-sc-anuncia-inscricoes-para-nova-chamada-publica,2024-06-03
https://www.pciconcursos.com.br/noticias/fahece-sc-divulga-novo-processo-seletivo-em-florianopolis,2024-06-03
https://www.pciconcursos.com.br/noticias/imas-processo-seletivo-para-auxiliar-de-higiene-e-limpeza-e-divulgado-em-florianopolis-sc,2024-06-03
https://www.pciconcursos.com.br/noticias/processo-seletivo-e-divulgado-pela-prefeitura-de-anchieta-sc,2024-06-03
https://www.pciconcursos.com.br/noticias/prefeitura-de-arroio-trinta-sc-publica-abertura-de-edital-de-processo-seletivo,2024-06-03
https://www.pciconcursos.com.br/noticias/inscricoes-divulgadas-para-dois-novos-processos-seletivos-da-prefeitura-de-bela-vista-do-toldo-sc,2024-06-03
https://www.pciconcursos.com.br/noticias/inscricoes-divulgadas-para-novo-processo-seletivo-da-prefeitura-de-bom-jardim-da-serra-sc,2024-06-03
https://www.pciconcursos.com.br/noticias/prefeitura-de-camboriu-sc-abre-processo-seletivo-com-remuneracoes-de-ate-5-8-mil,2024-06-03
https://www.pciconcursos.com.br/noticias/processo-seletivo-tem-inscricoes-abertas-pela-prefeitura-de-cunha-pora-sc,2024-06-03
https://www.pciconcursos.com.br/noticias/novo-processo-seletivo-e-aberto-pela-prefeitura-de-erval-velho-sc,2024-06-03
https://www.pciconcursos.com.br/noticias/prefeitura-de-florianopolis-sc-tem-novo-processo-seletivo-retificado,2024-06-03
https://www.pciconcursos.com.br/noticias/prefeitura-de-garuva-sc-publica-novo-edital-de-processo-seletivo,2024-06-03
https://www.pciconcursos.com.br/noticias/prefeitura-de-gravatal-sc-anuncia-um-novo-processo-seletivo,2024-06-03
https://www.pciconcursos.com.br/noticias/nova-chamada-publica-para-servente-merendeira-e-divulgada-pela-prefeitura-de-ibirama-sc,2024-06-03
https://www.pciconcursos.com.br/noticias/prefeitura-de-irati-sc-suspende-processo-seletivo,2024-06-03
https://www.pciconcursos.com.br/noticias/prefeitura-de-itapoa-sc-abre-inscricoes-para-novo-processo-seletivo-na-area-da-educacao,2024-06-03
https://www.pciconcursos.com.br/noticias/prefeitura-de-jabora-sc-divulga-chamada-publica-para-medico,2024-06-03
https://www.pciconcursos.com.br/noticias/prefeitura-de-jaragua-do-sul-sc-retifica-processo-seletivo-com-mais-de-70-vagas,2024-06-03
https://www.pciconcursos.com.br/noticias/prefeitura-de-joacaba-sc-anuncia-chamada-publica-na-area-da-saude,2024-06-03
https://www.pciconcursos.com.br/noticias/processo-seletivo-da-prefeitura-de-luiz-alves-sc-e-retificado,2024-06-03
https://www.pciconcursos.com.br/noticias/prefeitura-de-luzerna-sc-anuncia-processo-seletivo-para-fonoaudiologo,2024-06-03
https://www.pciconcursos.com.br/noticias/prefeitura-de-luzerna-sc-disponibiliza-um-novo-concurso-publico,2024-06-03
https://www.pciconcursos.com.br/noticias/prefeitura-de-ouro-sc-divulga-chamada-publica-para-agente-de-construcao-civil,2024-06-03
https://www.pciconcursos.com.br/noticias/prefeitura-de-ponte-alta-sc-abre-processo-seletivo-para-formacao-de-cadastro,2024-06-03
https://www.pciconcursos.com.br/noticias/prefeitura-de-ponte-alta-do-norte-sc-abre-novos-editais-de-concurso-publico-e-processo-seletivo,2024-06-03
https://www.pciconcursos.com.br/noticias/prefeitura-de-presidente-castello-branco-sc-promove-novo-concurso-publico,2024-06-03
https://www.pciconcursos.com.br/noticias/inscricoes-abertas-para-novo-processo-seletivo-da-prefeitura-de-rio-do-oeste-sc,2024-06-03
https://www.pciconcursos.com.br/noticias/prefeitura-de-rio-negrinho-sc-divulga-14-vagas-em-novo-concurso-publico,2024-06-03
https://www.pciconcursos.com.br/noticias/prefeitura-de-santo-amaro-da-imperatriz-sc-abre-chamada-publica-com-remuneracoes-de-ate-4-5-mil,2024-06-03
https://www.pciconcursos.com.br/noticias/processo-seletivo-tem-inscricoes-abertas-pela-prefeitura-de-sao-carlos-sc,2024-06-03
https://www.pciconcursos.com.br/noticias/prefeitura-de-sao-francisco-do-sul-sc-prorroga-inscricoes-e-retifica-edital-do-concurso-publico,2024-06-03
https://www.pciconcursos.com.br/noticias/prefeitura-de-sao-jose-sc-retifica-e-prorroga-inscricoes-do-concurso-publico,2024-06-03
https://www.pciconcursos.com.br/noticias/prefeitura-de-sao-miguel-do-oeste-sc-tem-processo-seletivo-retificado,2024-06-03
https://www.pciconcursos.com.br/noticias/novo-processo-seletivo-e-anunciado-pela-prefeitura-de-schroeder-sc,2024-06-03
https://www.pciconcursos.com.br/noticias/novo-processo-seletivo-tem-inscricoes-divulgadas-pela-prefeitura-de-schroeder-sc,2024-06-03
https://www.pciconcursos.com.br/noticias/prefeitura-de-serra-alta-sc-divulga-um-novo-edital-de-processo-seletivo,2024-06-03
https://www.pciconcursos.com.br/noticias/prefeitura-de-tres-barras-sc-anuncia-novo-edital-de-processo-seletivo,2024-06-03
https://www.pciconcursos.com.br/noticias/concursos-publicos-de-itaiopolis-sc-tem-vagas-para-prefeitura-camara-e-ipmi,2024-06-03
https://www.pciconcursos.com.br/noticias/samae-de-campos-novos-sc-abre-nova-chamada-publica,2024-06-03
https://www.pciconcursos.com.br/noticias/processo-seletivo-e-retificado-pelo-samae-de-urussanga-sc,2024-06-03
https://www.pciconcursos.com.br/noticias/ses-sc-abre-processo-seletivo-para-biologo,2024-06-03
https://www.pciconcursos.com.br/noticias/brb-retifica-concurso-publico-para-analista-de-tecnologia-da-informacao-com-200-vagas,2024-06-03
https://www.pciconcursos.com.br/noticias/novacap-retifica-edital-de-concurso-publico-com-120-vagas,2024-06-03
https://www.pciconcursos.com.br/noticias/see-df-informa-abertura-de-dois-editais-de-processo-seletivo,2024-06-03
https://www.pciconcursos.com.br/noticias/concurso-publico-com-88-vagas-e-divulgado-para-a-policia-tecnico-cientifica-de-goias,2024-06-03
https://www.pciconcursos.com.br/noticias/concurso-publico-com-168-oportunidades-e-divulgado-pela-prefeitura-de-jaragua-go,2024-06-03
https://www.pciconcursos.com.br/noticias/prefeitura-de-mineiros-go-tem-concurso-publico-divulgado-com-478-vagas,2024-06-03
https://www.pciconcursos.com.br/noticias/prefeitura-de-rio-verde-go-retifica-concurso-publico-para-guarda-civil-municipal,2024-06-03
https://www.pciconcursos.com.br/noticias/tj-go-abre-processo-seletivo-para-residente-juridico,2024-06-03
https://www.pciconcursos.com.br/noticias/camara-de-palmeiras-de-goias-go-divulga-novo-concurso-publico,2024-06-03
https://www.pciconcursos.com.br/noticias/cremego-anuncia-concurso-publico-com-salarios-de-ate-7-1-mil,2024-06-03
https://www.pciconcursos.com.br/noticias/novo-edital-de-processo-seletivo-e-divulgado-pelo-igh-go,2024-06-03
https://www.pciconcursos.com.br/noticias/pge-go-anuncia-concurso-publico-com-salario-de-39-1-mil,2024-06-03
https://www.pciconcursos.com.br/noticias/concurso-publico-com-mais-de-80-vagas-e-retificado-pela-prefeitura-de-aragoiania-go,2024-06-03
https://www.pciconcursos.com.br/noticias/prefeitura-de-britania-go-anuncia-processo-seletivo-com-novas-oportunidades,2024-06-03
https://www.pciconcursos.com.br/noticias/prefeitura-de-campo-alegre-de-goias-go-divulga-nove-vagas-em-novo-processo-seletivo,2024-06-03
https://www.pciconcursos.com.br/noticias/prefeitura-de-cavalcante-go-divulga-concurso-publico-com-remuneracoes-de-ate-12-8-mil,2024-06-03
https://www.pciconcursos.com.br/noticias/prefeitura-de-ceres-go-abre-processo-seletivo-com-21-vagas,2024-06-03
https://www.pciconcursos.com.br/noticias/prefeitura-de-corumbaiba-go-abre-concurso-publico-com-57-vagas,2024-06-03
https://www.pciconcursos.com.br/noticias/prefeitura-de-divinopolis-de-goias-go-tem-inscricoes-para-novo-concurso-publico-com-99-oportunidades,2024-06-03
https://www.pciconcursos.com.br/noticias/prefeitura-de-doverlandia-go-abre-inscricoes-para-novo-processo-seletivo,2024-06-03
https://www.pciconcursos.com.br/noticias/prefeitura-de-iaciara-go-divulga-processo-seletivo-com-137-vagas,2024-06-03
https://www.pciconcursos.com.br/noticias/novo-processo-seletivo-e-anunciado-em-prefeitura-de-itaberai-go,2024-06-03
https://www.pciconcursos.com.br/noticias/novo-processo-seletivo-e-divulga-pela-prefeitura-de-joviania-go,2024-06-03
https://www.pciconcursos.com.br/noticias/prefeitura-de-leopoldo-de-bulhoes-go-cancela-concurso-publico,2024-06-03
https://www.pciconcursos.com.br/noticias/prefeitura-de-rio-verde-go-divulga-concurso-publico-com-dez-vagas,2024-06-03
https://www.pciconcursos.com.br/noticias/prefeitura-de-santa-fe-de-goias-go-retifica-edital-de-concurso-publico-com-97-vagas,2024-06-03
https://www.pciconcursos.com.br/noticias/prefeitura-de-vila-propicio-go-anuncia-concurso-publico-com-79-vagas,2024-06-03
https://www.pciconcursos.com.br/noticias/sead-go-tem-novo-processo-seletivo-com-1031-vagas-disponiveis,2024-06-03
https://www.pciconcursos.com.br/noticias/cmdca-de-sete-quedas-informa-abertura-de-edital-de-processo-seletivo,2024-06-03
https://www.pciconcursos.com.br/noticias/prefeitura-de-brasilandia-ms-tem-inscricoes-divulgadas-para-novo-processo-seletivo,2024-06-03
https://www.pciconcursos.com.br/noticias/prefeitura-de-caracol-ms-publica-abertura-de-edital-de-processo-seletivo,2024-06-03
https://www.pciconcursos.com.br/noticias/prefeitura-de-eldorado-ms-anuncia-novo-processo-seletivo,2024-06-03
https://www.pciconcursos.com.br/noticias/prefeitura-de-maracaju-ms-anuncia-retificacao-de-concurso-publico-com-mais-de-200-vagas,2024-06-03
https://www.pciconcursos.com.br/noticias/prefeitura-de-nioaque-ms-retifica-novo-edital-de-processo-seletivo,2024-06-03
https://www.pciconcursos.com.br/noticias/prefeitura-de-sonora-ms-anuncia-novo-edital-de-processo-seletivo,2024-06-03
https://www.pciconcursos.com.br/noticias/sad-ms-retifica-um-dos-editais-de-dois-novos-concursos-publicos,2024-06-03
https://www.pciconcursos.com.br/noticias/ufms-anuncia-novo-processo-seletivo-para-pesquisador-visitante,2024-06-03
https://www.pciconcursos.com.br/noticias/processo-seletivo-tem-inscricoes-abertas-pela-mt-par,2024-06-03
https://www.pciconcursos.com.br/noticias/prefeitura-de-alto-garcas-mt-retifica-edital-de-processo-seletivo,2024-06-03
https://www.pciconcursos.com.br/noticias/prefeitura-de-alto-paraguai-mt-divulga-edital-de-novo-concurso-publico,2024-06-03
https://www.pciconcursos.com.br/noticias/processo-seletivo-e-promovido-pela-prefeitura-de-aripuana-mt,2024-06-03
https://www.pciconcursos.com.br/noticias/novo-processo-seletivo-tem-edital-divulgado-pela-prefeitura-de-aripuana-mt,2024-06-03
https://www.pciconcursos.com.br/noticias/prefeitura-de-aripuana-mt-anuncia-novo-processo-seletivo,2024-06-03
https://www.pciconcursos.com.br/noticias/prefeitura-de-bom-jesus-do-araguaia-mt-retifica-concurso-publico-com-tres-vagas,2024-06-03
https://www.pciconcursos.com.br/noticias/prefeitura-de-campinapolis-mt-tem-concurso-publico-com-61-vagas-disponiveis,2024-06-03
https://www.pciconcursos.com.br/noticias/prefeitura-de-campinapolis-mt-divulga-duas-vagas-em-nova-chamada-publica,2024-06-03
https://www.pciconcursos.com.br/noticias/prefeitura-de-campos-de-julio-mt-abre-tres-concursos-publicos-com-70-oportunidades,2024-06-03
https://www.pciconcursos.com.br/noticias/novo-processo-seletivo-e-aberto-pela-prefeitura-de-canarana-mt,2024-06-03
https://www.pciconcursos.com.br/noticias/prefeitura-de-juara-mt-retifica-edital-do-processo-seletivo,2024-06-03
https://www.pciconcursos.com.br/noticias/prefeitura-de-juruena-mt-publica-abertura-de-edital-de-concurso-publico,2024-06-03
https://www.pciconcursos.com.br/noticias/novo-processo-seletivo-e-divulgado-pela-prefeitura-de-lucas-do-rio-verde-mt,2024-06-03
https://www.pciconcursos.com.br/noticias/prefeitura-de-nova-bandeirantes-mt-abre-processo-seletivo-com-78-vagas,2024-06-03
https://www.pciconcursos.com.br/noticias/prefeitura-de-pedra-preta-mt-publica-novo-edital-de-processo-seletivo,2024-06-03
https://www.pciconcursos.com.br/noticias/prefeitura-de-varzea-grande-mt-retifica-novo-concurso-publico,2024-06-03
https://www.pciconcursos.com.br/noticias/tj-mt-divulga-concurso-publico-com-oportunidades-em-diferentes-localidades,2024-06-03
https://www.pciconcursos.com.br/noticias/ufmt-informa-abertura-de-novo-edital-de-concurso-publico-para-cargos-tecnico-administrativos,2024-06-03
https://www.pciconcursos.com.br/noticias/concurso-publico-tem-edital-divulgado-pela-camara-de-sao-paulo-de-olivenca-am,2024-06-03
https://www.pciconcursos.com.br/noticias/prefeitura-de-tabatinga-am-retifica-edital-de-concurso-publico-com-mais-de-950-vagas,2024-06-03
https://www.pciconcursos.com.br/noticias/detran-ac-prorroga-inscricoes-do-concurso-publico-com-91-vagas,2024-06-03
https://www.pciconcursos.com.br/noticias/crf-ac-abre-inscricoes-para-novo-concurso-publico,2024-06-03
https://www.pciconcursos.com.br/noticias/processo-seletivo-e-promovido-pela-prefeitura-de-bujari-ac,2024-06-03
https://www.pciconcursos.com.br/noticias/prefeitura-de-tartarugalzinho-ap-divulga-novo-processo-seletivo,2024-06-03
https://www.pciconcursos.com.br/noticias/concurso-publico-com-391-vagas-e-retificado-pela-prefeitura-de-sao-domingos-do-capim-pa,2024-06-03
https://www.pciconcursos.com.br/noticias/tce-pa-tem-novo-concurso-publico-com-50-vagas-divulgado,2024-06-03
https://www.pciconcursos.com.br/noticias/concurso-publico-com-mais-de-460-vagas-da-prefeitura-de-conceicao-do-araguaia-pa-e-retificado,2024-06-03
https://www.pciconcursos.com.br/noticias/prefeitura-de-itaituba-pa-informa-abertura-de-processo-seletivo-com-37-vagas,2024-06-03
https://www.pciconcursos.com.br/noticias/sefa-pa-abre-processo-seletivo-com-14-vagas,2024-06-03
https://www.pciconcursos.com.br/noticias/seop-pa-divulga-novo-processo-seletivo,2024-06-03
https://www.pciconcursos.com.br/noticias/novo-concurso-publico-com-31-vagas-e-divulgado-pela-seplad-pa,2024-06-03
https://www.pciconcursos.com.br/noticias/concurso-publico-com-175-vagas-tem-inscricoes-divulgadas-pela-prefeitura-de-ouro-preto-do-oeste-ro,2024-06-03
https://www.pciconcursos.com.br/noticias/concurso-publico-com-74-vagas-e-retificado-pela-unir-ro,2024-06-03
https://www.pciconcursos.com.br/noticias/camara-de-alto-paraiso-ro-retifica-edital-do-concurso-publico,2024-06-03
https://www.pciconcursos.com.br/noticias/ifro-retifica-dois-novos-concursos-publicos-com-76-vagas,2024-06-03
https://www.pciconcursos.com.br/noticias/prefeitura-de-ariquemes-ro-publica-abertura-de-processo-seletivo-com-213-vagas,2024-06-03
https://www.pciconcursos.com.br/noticias/novo-processo-seletivo-e-anunciado-pela-prefeitura-de-cabixi-ro,2024-06-03
https://www.pciconcursos.com.br/noticias/prefeitura-de-nova-brasilandia-d-oeste-ro-divulga-processo-seletivo-para-visitador,2024-06-03
https://www.pciconcursos.com.br/noticias/prefeitura-de-urupa-ro-anuncia-novo-edital-de-processo-seletivo,2024-06-03
https://www.pciconcursos.com.br/noticias/crc-rr-prorroga-inscricoes-do-concurso-publico-na-cidade-de-boa-vista,2024-06-03
https://www.pciconcursos.com.br/noticias/ufrr-altera-quantidade-de-vagas-do-concurso-publico-para-tecnicos-administrativos,2024-06-03
https://www.pciconcursos.com.br/noticias/prefeitura-de-quebrangulo-al-abre-inscricoes-para-novo-processo-seletivo,2024-06-03
https://www.pciconcursos.com.br/noticias/tj-al-prorroga-inscricoes-do-concurso-publico,2024-06-03
https://www.pciconcursos.com.br/noticias/ufal-novo-concurso-publico-para-provimento-de-33-vagas-e-anunciado,2024-06-03
https://www.pciconcursos.com.br/noticias/prefeitura-de-caetite-ba-divulga-concurso-publico-com-63-vagas,2024-06-03
https://www.pciconcursos.com.br/noticias/prefeitura-de-dias-d-avila-ba-reabre-inscricoes-do-concurso-publico,2024-06-03
https://www.pciconcursos.com.br/noticias/concurso-publico-com-59-vagas-tem-inscricoes-divulgadas-pela-camara-de-candeias-ba,2024-06-03
https://www.pciconcursos.com.br/noticias/cds-piemonte-do-paraguacu-anuncia-novo-processo-seletivo,2024-06-03
https://www.pciconcursos.com.br/noticias/prefeitura-de-contendas-do-sincora-ba-realiza-um-novo-processo-seletivo,2024-06-03
https://www.pciconcursos.com.br/noticias/processo-seletivo-e-concurso-publico-sao-anunciados-pela-prefeitura-de-morro-do-chapeu-ba,2024-06-03
https://www.pciconcursos.com.br/noticias/prefeitura-de-vitoria-da-conquista-ba-divulga-concurso-publico-com-90-vagas,2024-06-03
https://www.pciconcursos.com.br/noticias/uefs-publica-abertura-de-novo-edital-de-processo-seletivo,2024-06-03
https://www.pciconcursos.com.br/noticias/prefeitura-de-camocim-ce-retifica-um-dos-editais-de-dois-concursos-publicos,2024-06-03
https://www.pciconcursos.com.br/noticias/concurso-publico-com-299-vagas-e-retificado-pela-prefeitura-de-jijoca-de-jericoacoara-ce,2024-06-03
https://www.pciconcursos.com.br/noticias/sap-ce-abre-concurso-publico-com-600-vagas-para-policial-penal,2024-06-03
https://www.pciconcursos.com.br/noticias/imip-divulga-duas-vagas-em-novo-edital-de-processo-seletivo,2024-06-03
https://www.pciconcursos.com.br/noticias/prefeitura-de-ipueiras-ce-publica-abertura-de-tres-concursos-publicos,2024-06-03
https://www.pciconcursos.com.br/noticias/prefeitura-de-pinheiro-ma-retifica-edital-de-concurso-publico-com-392-vagas,2024-06-03
https://www.pciconcursos.com.br/noticias/concurso-publico-do-tj-ma-e-retificado,2024-06-03
https://www.pciconcursos.com.br/noticias/prefeitura-de-itinga-do-maranhao-ma-retifica-concurso-publico-com-244-vagas,2024-06-03
https://www.pciconcursos.com.br/noticias/prefeitura-de-sao-luis-gonzaga-do-maranhao-anuncia-abertura-de-tres-editais-de-concurso-publico,2024-06-03
https://www.pciconcursos.com.br/noticias/seap-ma-abre-tres-processos-seletivos-para-profissionais-de-nivel-medio,2024-06-03
https://www.pciconcursos.com.br/noticias/seap-ma-anuncia-novo-processo-seletivo-em-sao-luis,2024-06-03
https://www.pciconcursos.com.br/noticias/seap-ma-informa-abertura-de-dois-editais-de-processo-seletivo,2024-06-03
https://www.pciconcursos.com.br/noticias/camara-municipal-de-logradouro-pb-divulga-cinco-vagas-em-novo-concurso-publico,2024-06-03
https://www.pciconcursos.com.br/noticias/concurso-publico-com-417-vagas-tem-edital-retificado-prefeitura-de-alhandra-pb,2024-06-03
https://www.pciconcursos.com.br/noticias/prefeitura-de-duas-estradas-pb-abre-concurso-publico-com-40-vagas,2024-06-03
https://www.pciconcursos.com.br/noticias/prefeitura-de-santa-rita-pb-divulga-inscricoes-do-novo-concurso-publico,2024-06-03
https://www.pciconcursos.com.br/noticias/prefeitura-de-soledade-pb-divulga-edital-retificado-do-concurso-publico-com-96-vagas,2024-06-03
https://www.pciconcursos.com.br/noticias/prefeitura-de-vista-serrana-pb-abre-inscricoes-para-novo-processo-seletivo,2024-06-03
https://www.pciconcursos.com.br/noticias/sedh-pb-tem-inscricoes-divulgadas-para-novo-processo-seletivo,2024-06-03
https://www.pciconcursos.com.br/noticias/policia-cientifica-pe-anuncia-concurso-publico-com-mais-de-200-vagas,2024-06-03
https://www.pciconcursos.com.br/noticias/tres-novos-concursos-publicos-sao-divulgados-pela-prefeitura-de-caruaru-pe,2024-06-03
https://www.pciconcursos.com.br/noticias/prefeitura-de-caruaru-pe-anuncia-dois-concursos-publicos-com-o-total-de-60-vagas,2024-06-03
https://www.pciconcursos.com.br/noticias/camara-de-araripina-pe-retifica-edital-para-concurso-publico-com-18-vagas,2024-06-03
https://www.pciconcursos.com.br/noticias/camara-de-lagoa-grande-pe-retifica-concurso-publico-com-11-vagas,2024-06-03
https://www.pciconcursos.com.br/noticias/dois-concursos-publicos-tem-inscricoes-anunciadas-pela-prefeitura-de-abreu-e-lima-pe,2024-06-03
https://www.pciconcursos.com.br/noticias/prefeitura-de-belo-jardim-retifica-edital-de-concurso-publico-com-83-vagas,2024-06-03
https://www.pciconcursos.com.br/noticias/prefeitura-de-belo-jardim-pe-prorroga-inscricoes-de-processo-seletivo-com-7-vagas,2024-06-03
https://www.pciconcursos.com.br/noticias/prefeitura-de-camaragibe-pe-anuncia-uma-retificacao-no-concurso-publico-com-96-vagas,2024-06-03
https://www.pciconcursos.com.br/noticias/prefeitura-de-jaboatao-dos-guararapes-pe-anuncia-tres-concursos-publicos-com-1592-vagas,2024-06-03
https://www.pciconcursos.com.br/noticias/prefeitura-de-moreno-pe-retifica-concurso-publico-com-20-vagas,2024-06-03
https://www.pciconcursos.com.br/noticias/prefeitura-de-panelas-pe-abre-processo-seletivo-para-fonoaudiologo,2024-06-03
https://www.pciconcursos.com.br/noticias/prefeitura-de-teresina-pi-prorroga-inscricoes-dos-concursos-publicos-com-mais-de-640-vagas,2024-06-03
https://www.pciconcursos.com.br/noticias/prefeitura-de-bertolinia-pi-promove-novo-concurso-publico,2024-06-03
https://www.pciconcursos.com.br/noticias/prefeitura-de-piripiri-pi-divulga-concurso-publico-com-25-vagas,2024-06-03
https://www.pciconcursos.com.br/noticias/ufpi-retifica-concurso-publico-no-campus-ministro-petronio-portella,2024-06-03
https://www.pciconcursos.com.br/noticias/concurso-publico-com-378-vagas-e-retificado-pela-prefeitura-de-ceara-mirim-rn,2024-06-03
https://www.pciconcursos.com.br/noticias/crq-da-15-regiao-rn-realiza-um-novo-concurso-publico,2024-06-03
https://www.pciconcursos.com.br/noticias/fuern-abre-novo-processo-seletivo,2024-06-03
https://www.pciconcursos.com.br/noticias/ufersa-rn-informa-abertura-de-edital-de-concurso-publico,2024-06-03
https://www.pciconcursos.com.br/noticias/ufersa-tem-novo-concurso-publico-para-a-admissao-de-profissionais,2024-06-03
https://www.pciconcursos.com.br/noticias/adema-prorroga-inscricoes-do-concurso-publico-com-55-vagas,2024-06-03
https://www.pciconcursos.com.br/noticias/concurso-publico-para-provimento-de-61-vagas-e-retificado-pela-codevasf,2024-06-03
https://www.pciconcursos.com.br/noticias/mgi-prorroga-inscricoes-do-processo-seletivo-com-200-vagas,2024-06-03
https://www.pciconcursos.com.br/noticias/tj-sp-abre-concurso-publico-para-escrevente-tecnico-judiciario,2024-06-03
https://www.pciconcursos.com.br/noticias/prefeitura-de-piracicaba-sp-retifica-edital-do-concurso-publico,2024-06-03
https://www.pciconcursos.com.br/noticias/prefeitura-de-jundiai-sp-retifica-edital-de-concurso-publico-com-11-vagas,2024-06-03
https://www.pciconcursos.com.br/noticias/prefeitura-de-monte-alto-sp-retifica-um-dos-concursos-publicos-com-103-vagas,2024-06-03
https://www.pciconcursos.com.br/noticias/semae-divulga-dois-concursos-publicos-para-a-cidade-de-piracicaba-sp,2024-06-03
https://www.pciconcursos.com.br/noticias/prefeitura-de-sorocaba-sp-realiza-um-novo-processo-seletivo,2024-06-03
https://www.pciconcursos.com.br/noticias/tj-sp-divulga-13-concurso-publico-para-outorga-de-delegacoes-de-notas-e-de-registro,2024-06-03
https://www.pciconcursos.com.br/noticias/prefeitura-de-sao-jose-de-uba-rj-prorroga-inscricoes-do-concurso-publico-com-133-vagas,2024-06-03
https://www.pciconcursos.com.br/noticias/policia-militar-mg-anuncia-novo-concurso-publico-com-180-vagas,2024-06-03
https://www.pciconcursos.com.br/noticias/pm-mg-anuncia-3102-vagas-em-curso-de-formacao-de-soldados,2024-06-03
https://www.pciconcursos.com.br/noticias/saae-de-boa-esperanca-mg-tem-novo-concurso-publico-com-36-vagas-divulgado,2024-06-03
https://www.pciconcursos.com.br/noticias/prefeitura-de-ibirite-mg-retifica-concurso-publico-com-1401-oportunidades,2024-06-03
https://www.pciconcursos.com.br/noticias/prefeitura-de-carmo-da-mata-mg-retifica-novo-concurso-publico,2024-06-03
https://www.pciconcursos.com.br/noticias/prefeitura-de-mirai-mg-divulga-concurso-publico-com-40-vagas,2024-06-03
https://www.pciconcursos.com.br/noticias/prefeitura-de-nova-lima-mg-tem-novo-concurso-publico-divulgado,2024-06-03
https://www.pciconcursos.com.br/noticias/prefeitura-de-montes-claros-mg-tem-novo-concurso-publico-anunciado-com-2498-vagas-disponiveis,2024-06-03
https://www.pciconcursos.com.br/noticias/prefeitura-de-sao-joaquim-de-bicas-mg-retifica-concurso-publico-com-368-vagas,2024-06-03
https://www.pciconcursos.com.br/noticias/camara-de-sao-goncalo-do-para-mg-anuncia-concurso-publico-para-auxiliar-de-secretaria,2024-06-03
https://www.pciconcursos.com.br/noticias/prefeitura-de-montes-claros-mg-retifica-edital-do-concurso-publico-com-1753-oportunidades,2024-06-03
https://www.pciconcursos.com.br/noticias/concurso-publico-com-mais-de-1300-vagas-e-retificado-pela-prefeitura-de-betim-mg,2024-06-03
https://www.pciconcursos.com.br/noticias/prefeitura-de-guaraciaba-mg-retifica-concurso-publico-com-157-vagas,2024-06-03
https://www.pciconcursos.com.br/noticias/prefeitura-de-muzambinho-mg-retifica-concurso-publico-com-286-vagas,2024-06-03
https://www.pciconcursos.com.br/noticias/prefeitura-de-sao-joao-do-manhuacu-mg-altera-edital-do-concurso-publico-com-171-vagas,2024-06-03
https://www.pciconcursos.com.br/noticias/concursos-publico-com-153-vagas-tem-inscricoes-anunciadas-pela-prefeitura-de-santa-rita-do-sapucai-mg,2024-06-03
https://www.pciconcursos.com.br/noticias/prodabel-anuncia-abertura-de-concurso-publico-com-20-vagas,2024-06-03
https://www.pciconcursos.com.br/noticias/prefeitura-de-itanhomi-mg-reabre-inscricoes-do-concurso-publico-com-134-vagas,2024-06-03
https://www.pciconcursos.com.br/noticias/prefeitura-da-serra-es-altera-edital-do-concurso-publico-com-895-vagas,2024-06-03
https://www.pciconcursos.com.br/noticias/fundacao-inova-capixaba-es-prorroga-inscricoes-do-concurso-publico-com-594-vagas,2024-06-03
https://www.pciconcursos.com.br/noticias/coren-pr-divulga-concurso-publico-para-niveis-medio-e-superior,2024-06-03
https://www.pciconcursos.com.br/noticias/concurso-publico-e-retificado-pela-prefeitura-de-florianopolis-sc,2024-06-03
https://www.pciconcursos.com.br/noticias/brb-retifica-concurso-publico-para-analista-de-tecnologia-da-informacao-com-200-vagas,2024-06-03
https://www.pciconcursos.com.br/noticias/prefeitura-de-mineiros-go-tem-concurso-publico-divulgado-com-478-vagas,2024-06-03
https://www.pciconcursos.com.br/noticias/concurso-publico-com-168-oportunidades-e-divulgado-pela-prefeitura-de-jaragua-go,2024-06-03
https://www.pciconcursos.com.br/noticias/tj-go-abre-processo-seletivo-para-residente-juridico,2024-06-03
https://www.pciconcursos.com.br/noticias/concurso-publico-com-88-vagas-e-divulgado-para-a-policia-tecnico-cientifica-de-goias,2024-06-03
https://www.pciconcursos.com.br/noticias/prefeitura-de-rio-verde-go-retifica-concurso-publico-para-guarda-civil-municipal,2024-06-03
https://www.pciconcursos.com.br/noticias/detran-ac-prorroga-inscricoes-do-concurso-publico-com-91-vagas,2024-06-03
https://www.pciconcursos.com.br/noticias/concurso-publico-com-391-vagas-e-retificado-pela-prefeitura-de-sao-domingos-do-capim-pa,2024-06-03
https://www.pciconcursos.com.br/noticias/tce-pa-tem-novo-concurso-publico-com-50-vagas-divulgado,2024-06-03
https://www.pciconcursos.com.br/noticias/concurso-publico-com-74-vagas-e-retificado-pela-unir-ro,2024-06-03
https://www.pciconcursos.com.br/noticias/concurso-publico-com-175-vagas-tem-inscricoes-divulgadas-pela-prefeitura-de-ouro-preto-do-oeste-ro,2024-06-03
https://www.pciconcursos.com.br/noticias/prefeitura-de-caetite-ba-divulga-concurso-publico-com-63-vagas,2024-06-03
https://www.pciconcursos.com.br/noticias/prefeitura-de-dias-d-avila-ba-reabre-inscricoes-do-concurso-publico,2024-06-03
https://www.pciconcursos.com.br/noticias/concurso-publico-com-299-vagas-e-retificado-pela-prefeitura-de-jijoca-de-jericoacoara-ce,2024-06-03
https://www.pciconcursos.com.br/noticias/sap-ce-abre-concurso-publico-com-600-vagas-para-policial-penal,2024-06-03
https://www.pciconcursos.com.br/noticias/concurso-publico-do-tj-ma-e-retificado,2024-06-03
https://www.pciconcursos.com.br/noticias/prefeitura-de-pinheiro-ma-retifica-edital-de-concurso-publico-com-392-vagas,2024-06-03
https://www.pciconcursos.com.br/noticias/prefeitura-de-caruaru-pe-anuncia-dois-concursos-publicos-com-o-total-de-60-vagas,2024-06-03
https://www.pciconcursos.com.br/noticias/policia-cientifica-pe-anuncia-concurso-publico-com-mais-de-200-vagas,2024-06-03
https://www.pciconcursos.com.br/noticias/tres-novos-concursos-publicos-sao-divulgados-pela-prefeitura-de-caruaru-pe,2024-06-03
https://www.pciconcursos.com.br/noticias/prefeitura-de-teresina-pi-prorroga-inscricoes-dos-concursos-publicos-com-mais-de-640-vagas,2024-06-03
https://www.pciconcursos.com.br/noticias/concurso-publico-com-378-vagas-e-retificado-pela-prefeitura-de-ceara-mirim-rn,2024-06-03
